Makro,Azúcar Rubia ARO Bolsa 5Kg,ARO,17.0,,Azúcar y Endulzantes,https://www.makro.plazavea.com.pe/azucar-rubia-aro-bolsa-5kg/p,https://plazavea.vteximg.com.br/arquivos/ids/30212937-300-300/20283175.jpg?v=638678724266700000
Makro,Azúcar Blanca ARO Bolsa 5Kg,ARO,21.69,,Azúcar y Endulzantes,https://www.makro.plazavea.com.pe/azucar-blanca-aro-bolsa-5kg/p,https://plazavea.vteximg.com.br/arquivos/ids/30575579-300-300/20283178.jpg?v=638748341872000000
Makro,Azúcar Rubia M&K Bolsa 1Kg,M&K,3.9,,Azúcar y Endulzantes,https://www.makro.plazavea.com.pe/azucar-rubia-mk-bolsa-1kg/p,https://plazavea.vteximg.com.br/arquivos/ids/30578637-300-300/20283176.jpg?v=638749209086870000
Makro,Azúcar Rubia Paramonga 25 Kg,PARAMONGA,69.0,,Azúcar y Endulzantes,https://www.makro.plazavea.com.pe/azucar-rubia-paramonga-25-kg/p,https://plazavea.vteximg.com.br/arquivos/ids/30277378-300-300/20146324.jpg?v=638687131366770000
Makro,Azúcar Rubia DULFINA Bolsa 1Kg,DULFINA,5.0,,Azúcar y Endulzantes,https://www.makro.plazavea.com.pe/azucar-rubia-dulfina-bolsa-1-kg/p,https://plazavea.vteximg.com.br/arquivos/ids/26947514-300-300/20085254.jpg?v=638236224405030000
Makro,Azúcar Rubia DULFINA Bolsa 5Kg,DULFINA,21.9,,Azúcar y Endulzantes,https://www.makro.plazavea.com.pe/azucar-rubia-dulfina-bolsa-5-kg/p,https://plazavea.vteximg.com.br/arquivos/ids/26947513-300-300/20084094.jpg?v=638236224351830000
Makro,Azúcar Blanca M&K Bolsa 1Kg,M&K,4.5,,Azúcar y Endulzantes,https://www.makro.plazavea.com.pe/azucar-blanca-mk-bolsa-1kg/p,https://plazavea.vteximg.com.br/arquivos/ids/30578638-300-300/20283177.jpg?v=638749209404800000
Makro,Azúcar Blanca Paramonga Bolsa 25Kg,PARAMONGA,78.0,,Azúcar y Endulzantes,https://www.makro.plazavea.com.pe/azucar-blanca-paramonga-bolsa-25kg/p,https://plazavea.vteximg.com.br/arquivos/ids/30215657-300-300/20146325.jpg?v=638679072716500000
Makro,Azúcar Rubia ARO Sachet x500un,ARO,25.9,,Azúcar y Endulzantes,https://www.makro.plazavea.com.pe/azucar-rubia-aro-sachet-x500un/p,https://plazavea.vteximg.com.br/arquivos/ids/30215407-300-300/20215307.jpg?v=638679060699670000
Makro,Azúcar Rubia Doméstica PARAMONGA Saco 50Kg,PARAMONGA,125.0,,Azúcar y Endulzantes,https://www.makro.plazavea.com.pe/azucar-rubia-domestica-paramonga-saco-50kg/p,https://plazavea.vteximg.com.br/arquivos/ids/30213145-300-300/20146328.jpg?v=638678728563630000
Makro,Azúcar Blanca CARTAVIO Bolsa 50Kg,CARTAVIO,129.0,,Azúcar y Endulzantes,https://www.makro.plazavea.com.pe/azucar-blanca-cartavio-bolsa-50kg/p,https://plazavea.vteximg.com.br/arquivos/ids/30212690-300-300/20184793.jpg?v=638678719799170000
Makro,Azúcar Rubia CARTAVIO Bolsa 5Kg,CARTAVIO,21.9,,Azúcar y Endulzantes,https://www.makro.plazavea.com.pe/azucar-rubia-cartavio-bolsa-5kg/p,https://plazavea.vteximg.com.br/arquivos/ids/28650078-300-300/20184801.jpg?v=638411617060330000
Makro,Azúcar Blanca Refinada Paramonga Bolsa 50 Kg,PARAMONGA,145.0,,Azúcar y Endulzantes,https://www.makro.plazavea.com.pe/azucar-blanca-refinada-paramonga-bolsa-50-kg/p,https://plazavea.vteximg.com.br/arquivos/ids/30277379-300-300/20146323.jpg?v=638687131404030000
Makro,Azúcar Blanca ARO Sachet x500un,ARO,25.9,,Azúcar y Endulzantes,https://www.makro.plazavea.com.pe/azucar-blanca-aro-sachet-x500un/p,https://plazavea.vteximg.com.br/arquivos/ids/30215403-300-300/20215308.jpg?v=638679060660730000
Makro,Azúcar Rubia Cartavio Saco 50Kg,CARTAVIO,127.0,,Azúcar y Endulzantes,https://www.makro.plazavea.com.pe/azucar-rubia-cartavio-saco-50kg/p,https://plazavea.vteximg.com.br/arquivos/ids/30213177-300-300/20148071.jpg?v=638678729517130000
Makro,Azúcar Blanca CASA GRANDE Bolsa 50Kg,CASA GRANDE,139.0,,Azúcar y Endulzantes,https://www.makro.plazavea.com.pe/azucar-blanca-casa-grande-bolsa-50kg/p,https://plazavea.vteximg.com.br/arquivos/ids/30212693-300-300/20184798.jpg?v=638678719836430000
Makro,Azúcar Finita en Polvo UMSHA Bolsa 1Kg,UMSHA,8.9,,Azúcar y Endulzantes,https://www.makro.plazavea.com.pe/azucar-finita-en-polvo-umsha-bolsa-1kg/p,https://plazavea.vteximg.com.br/arquivos/ids/28691193-300-300/20394223.jpg?v=638419217457530000
Makro,Azúcar Blanca DULFINA Bolsa 5Kg,DULFINA,25.5,,Azúcar y Endulzantes,https://www.makro.plazavea.com.pe/azucar-blanca-dulfina-bolsa-5kg/p,https://plazavea.vteximg.com.br/arquivos/ids/26947515-300-300/20085253.jpg?v=638236224451370000
Makro,Azúcar Blanca DULFINA Bolsa 1Kg,DULFINA,5.3,,Azúcar y Endulzantes,https://www.makro.plazavea.com.pe/azucar-blanca-dulfina-bolsa-1kg/p,https://plazavea.vteximg.com.br/arquivos/ids/26947512-300-300/20084093.jpg?v=638236224304730000
Makro,Azúcar Rubia LA BODEGUITA Bolsa 1Kg,LA BODEGUITA,4.5,,Azúcar y Endulzantes,https://www.makro.plazavea.com.pe/azucar-rubia-la-bodeguita-bolsa-1kg/p,https://plazavea.vteximg.com.br/arquivos/ids/31834582-300-300/20469936.jpg?v=638896974844830000
Makro,Panela Orgánica ONZA Bolsa 1Kg,ONZA,15.99,,Azúcar y Endulzantes,https://www.makro.plazavea.com.pe/panela-organica-onza-bolsa-1kg/p,https://plazavea.vteximg.com.br/arquivos/ids/32808233-300-300/20212413.jpg?v=638973976411830000
Makro,Azúcar Rubia LA BODEGUITA Bolsa 1Kg,LA BODEGUITA,4.5,,Azúcar y Endulzantes,https://www.makro.plazavea.com.pe/azucar-rubia-la-bodeguita-bolsa-1kg/p,https://plazavea.vteximg.com.br/arquivos/ids/31834582-300-300/20469936.jpg?v=638896974844830000
Makro,Panela Orgánica ONZA Bolsa 1Kg,ONZA,15.99,,Azúcar y Endulzantes,https://www.makro.plazavea.com.pe/panela-organica-onza-bolsa-1kg/p,https://plazavea.vteximg.com.br/arquivos/ids/32808233-300-300/20212413.jpg?v=638973976411830000
Makro,Endulzante ARO Stevia Dp x100un,ARO,14.59,,Azúcar y Endulzantes,https://www.makro.plazavea.com.pe/endulzante-aro-stevia-dp-x100un/p,https://plazavea.vteximg.com.br/arquivos/ids/30215411-300-300/20215304.jpg?v=638679060737230000
Makro,Endulzante en Polvo SPLENDA Caja 700un,SPLENDA,112.0,,Azúcar y Endulzantes,https://www.makro.plazavea.com.pe/endulzante-en-polvo-splenda-caja-700un/p,https://plazavea.vteximg.com.br/arquivos/ids/423214-300-300/20172238.jpg?v=637377099380430000
Makro,Endulzante Stevia ONZA Caja 100un,ONZA,15.79,,Azúcar y Endulzantes,https://www.makro.plazavea.com.pe/endulzante-stevia-onza-caja-100un/p,https://plazavea.vteximg.com.br/arquivos/ids/32808229-300-300/20130365.jpg?v=638973976352230000
Makro,Endulzante SPLENDA en Polvo Caja 50 Sobres,SPLENDA,25.5,,Azúcar y Endulzantes,https://www.makro.plazavea.com.pe/endulzante-splenda-en-polvo-caja-50-sobres/p,https://plazavea.vteximg.com.br/arquivos/ids/324347-300-300/92684.jpg?v=637252424717500000
Makro,Azúcar Blanca LA BODEGUITA Bolsa 1Kg,LA BODEGUITA,4.9,,Azúcar y Endulzantes,https://www.makro.plazavea.com.pe/azucar-blanca-la-bodeguita-bolsa-1kg/p,https://plazavea.vteximg.com.br/arquivos/ids/31834581-300-300/20469937.jpg?v=638896974400800000
Makro,Azúcar Blanca SAN JACINTO Saco 50kg,SAN JACINTO,147.9,,Azúcar y Endulzantes,https://www.makro.plazavea.com.pe/azucar-blanca-san-jacinto-saco-50kg/p,https://plazavea.vteximg.com.br/arquivos/ids/30280729-300-300/20464104.jpg?v=638687880919900000
Makro,Azúcar Rubia San Jacinto 25 Kg,SAN JACINTO,75.7,,Azúcar y Endulzantes,https://www.makro.plazavea.com.pe/azucar-rubia-san-jacinto-25-kg/p,https://plazavea.vteximg.com.br/arquivos/ids/30215166-300-300/20211720.jpg?v=638679057950930000
Makro,Azúcar Rubia SAN JACINTO x 50Kg,SAN JACINTO,127.0,,Azúcar y Endulzantes,https://www.makro.plazavea.com.pe/azucar-rubia-san-jacinto-x-50kg/p,https://plazavea.vteximg.com.br/arquivos/ids/30215163-300-300/20215236.jpg?v=638679057693930000
Makro,Endulzante Stevia ARO 150gr,ARO,17.59,,Azúcar y Endulzantes,https://www.makro.plazavea.com.pe/endulzante-stevia-aro-150gr/p,https://plazavea.vteximg.com.br/arquivos/ids/32885811-300-300/20213476.jpg?v=638979460364470000
Makro,Endulzante Stevia LA BOLIVIANA Caja 120un,LA BOLIVIANA,26.9,,Azúcar y Endulzantes,https://www.makro.plazavea.com.pe/endulzante-stevia-la-boliviana-caja-120un/p,https://plazavea.vteximg.com.br/arquivos/ids/16382050-300-300/20253373.jpg?v=637970162492030000
Makro,Endulzante LA BOLIVIANA Frasco 150g Paquete 3un,LA BOLIVIANA,60.9,,Azúcar y Endulzantes,https://www.makro.plazavea.com.pe/endulzante-la-boliviana-frasco-150g-paquete-3un/p,https://plazavea.vteximg.com.br/arquivos/ids/423217-300-300/20175649.jpg?v=637377099474100000
Makro,Endulzante en Polvo SPLENDA Caja 2000un,SPLENDA,267.0,,Azúcar y Endulzantes,https://www.makro.plazavea.com.pe/endulzante-en-polvo-splenda-caja-2000un/p,https://plazavea.vteximg.com.br/arquivos/ids/423216-300-300/20173305.jpg?v=637377099444970000
Makro,Endulzante SPLENDA en Polvo Caja 100 Sobres,SPLENDA,43.1,,Azúcar y Endulzantes,https://www.makro.plazavea.com.pe/endulzante-splenda-en-polvo-caja-100-sobres/p,https://plazavea.vteximg.com.br/arquivos/ids/553621-300-300/78507.jpg?v=637426558057730000
Makro,Azucar Rubia PANTALEON Bolsa 50Kg,PANTALEON,126.0,,Azúcar y Endulzantes,https://www.makro.plazavea.com.pe/azucar-rubia-pantaleon-bolsa-50kg/p,https://plazavea.vteximg.com.br/arquivos/ids/31843940-300-300/20506326.jpg?v=638899592163430000
Makro,Azúcar Blanca PICHICHI Bolsa 50Kg,PICHICHI,136.0,,Azúcar y Endulzantes,https://www.makro.plazavea.com.pe/azucar-blanca-pichichi-bolsa-50kg/p,https://plazavea.vteximg.com.br/arquivos/ids/31843938-300-300/20506343.jpg?v=638899591628770000
Makro,Endulzante ARO Stevia Dp X200un,ARO,32.29,,Azúcar y Endulzantes,https://www.makro.plazavea.com.pe/endulzante-aro-stevia-dp-x200un/p,https://plazavea.vteximg.com.br/arquivos/ids/30215387-300-300/20211067.jpg?v=638679060511770000
Makro,Endulzante con Sucralosa ARO Doypack 200un,ARO,31.19,,Azúcar y Endulzantes,https://www.makro.plazavea.com.pe/endulzante-con-sucralosa-aro-doypack-200un/p,https://plazavea.vteximg.com.br/arquivos/ids/30215415-300-300/20215303.jpg?v=638679060775330000
Makro,Endulzante a Base de Yacón ENDULZA Pote 130g,ENDULZA,20.6,,Azúcar y Endulzantes,https://www.makro.plazavea.com.pe/endulzante-a-base-de-yacon-endulza-pote-130g/p,https://plazavea.vteximg.com.br/arquivos/ids/20508741-300-300/20325164.jpg?v=638025175909230000
Makro,Endulzante a Base de Yacón ENDULZA Caja 100un,ENDULZA,22.3,,Azúcar y Endulzantes,https://www.makro.plazavea.com.pe/endulzante-a-base-de-yacon-endulza-caja-100un/p,https://plazavea.vteximg.com.br/arquivos/ids/20508740-300-300/20325165.jpg?v=638025175604230000
Makro,Panela EL GUARANGUITO Bolsa 500g,EL GUARANGUITO,11.4,,Azúcar y Endulzantes,https://www.makro.plazavea.com.pe/panela-el-guaranguito-bolsa-500g-1/p,https://plazavea.vteximg.com.br/arquivos/ids/12955037-300-300/20280708.jpg?v=637914227151200000
Makro,Endulzante LA BOLIVIANA Frasco 50g Paquete 3un,LA BOLIVIANA,30.9,,Azúcar y Endulzantes,https://www.makro.plazavea.com.pe/endulzante-la-boliviana-frasco-50g-paquete-3un/p,https://plazavea.vteximg.com.br/arquivos/ids/423218-300-300/20175650.jpg?v=637377099548900000
Makro,Endulzante SPLENDA en Polvo Caja 200 Sobres,SPLENDA,71.0,,Azúcar y Endulzantes,https://www.makro.plazavea.com.pe/endulzante-splenda-en-polvo-caja-200-sobres/p,https://plazavea.vteximg.com.br/arquivos/ids/324348-300-300/96362.jpg?v=637252424771800000
Makro,Endulzante Líquido LA BOLIVIANA Paquete 3un,LA BOLIVIANA,53.8,,Azúcar y Endulzantes,https://www.makro.plazavea.com.pe/endulzante-liquido-la-boliviana-paquete-3un/p,https://plazavea.vteximg.com.br/arquivos/ids/30215483-300-300/20213889.jpg?v=638679062210400000
Makro,Azúcar Blanca Refinada Industrial PARAMONGA x 50Kg,PARAMONGA,147.0,,Azúcar y Endulzantes,https://www.makro.plazavea.com.pe/azucar-blanca-refinada-industrial-paramonga-x-50kg/p,https://plazavea.vteximg.com.br/arquivos/ids/30215531-300-300/20210942.jpg?v=638679062661970000
Makro,Azúcar Rubia DULCEOLMOS Saco 50Kg,DULCEOLMOS,126.0,,Azúcar y Endulzantes,https://www.makro.plazavea.com.pe/azucar-rubia-dulceolmos-saco-50kg/p,https://plazavea.vteximg.com.br/arquivos/ids/30267035-300-300/20212723.jpg?v=638685135959730000
Makro,Endulzante Stevia LA BOLIVIANA Caja 500un,LA BOLIVIANA,67.89,,Azúcar y Endulzantes,https://www.makro.plazavea.com.pe/endulzante-stevia-la-boliviana-caja-500un/p,https://plazavea.vteximg.com.br/arquivos/ids/364964-300-300/20199606.jpg?v=637315007447300000
Makro,Endulzante ARO Sucralosa Caja 500un,ARO,61.9,,Azúcar y Endulzantes,https://www.makro.plazavea.com.pe/endulzante-aro-sucralosa-caja-500un/p,https://plazavea.vteximg.com.br/arquivos/ids/32913217-300-300/20502767.jpg?v=638980565999900000
Makro,Endulzante ARO Stevia Caja 500un,ARO,69.9,,Azúcar y Endulzantes,https://www.makro.plazavea.com.pe/endulzante-aro-stevia-caja-500un/p,https://plazavea.vteximg.com.br/arquivos/ids/32913216-300-300/20502766.jpg?v=638980565057970000
Makro,Endulzante ARO Stevia Tripack Pote 150g,ARO,49.9,,Azúcar y Endulzantes,https://www.makro.plazavea.com.pe/endulzante-aro-stevia-tripack-pote-150g/p,https://plazavea.vteximg.com.br/arquivos/ids/32913215-300-300/20502769.jpg?v=638980564738300000
Makro,Endulzante ARO Sucralosa Tripack Pote 150g,ARO,41.9,,Azúcar y Endulzantes,https://www.makro.plazavea.com.pe/endulzante-aro-sucralosa-tripack-pote-150g/p,https://plazavea.vteximg.com.br/arquivos/ids/32913214-300-300/20502768.jpg?v=638980564430670000
Makro,Endulzante Stevia Onza Caja 200un,ONZA,33.69,,Azúcar y Endulzantes,https://www.makro.plazavea.com.pe/endulzante-stevia-onza-caja-200un/p,https://plazavea.vteximg.com.br/arquivos/ids/32808234-300-300/20212457.jpg?v=638973976431600000
Makro,Endulzante Stevia LA BOLIVIANA Caja 1000un,LA BOLIVIANA,126.7,,Azúcar y Endulzantes,https://www.makro.plazavea.com.pe/endulzante-stevia-la-boliviana-caja-1000un/p,https://plazavea.vteximg.com.br/arquivos/ids/30215479-300-300/20213890.jpg?v=638679062164070000
Makro,Endulzante Familiar LA BOLIVIANA Paquete 150g x 3un,LA BOLIVIANA,60.2,,Azúcar y Endulzantes,https://www.makro.plazavea.com.pe/endulzante-familiar-la-boliviana-paquete-150g-x-3un/p,https://plazavea.vteximg.com.br/arquivos/ids/30215472-300-300/20212796.jpg?v=638679061835170000
Makro,Endulzante de Agave AMÉRICA ORGÁNICA Envase 1.3Kg,AMERICA ORG.,83.5,,Azúcar y Endulzantes,https://www.makro.plazavea.com.pe/endulzante-de-agave-america-organica-envase-1-3kg/p,https://plazavea.vteximg.com.br/arquivos/ids/28225123-300-300/20389921.jpg?v=638339799090930000
Makro,Endulzante SUGAFOR en Polvo Caja 100 Sobres,SUGAFOR,41.3,,Azúcar y Endulzantes,https://www.makro.plazavea.com.pe/endulzante-sugafor-en-polvo-caja-100-sobres/p,https://plazavea.vteximg.com.br/arquivos/ids/12003162-300-300/949641.jpg?v=637895808777070000
Plaza Vea,Pack Aceite Vegetal PRIMOR Clásico Botella 900ml x 2un,PRIMOR,16.4,,Packs Abarrotes,https://www.plazavea.com.pe/pack-aceite-vegetal-primor-clasico-botella-900ml-x-2un/p,https://plazavea.vteximg.com.br/arquivos/ids/26739950-184-184/K0000007872.jpg?v=638225335410100000
Plaza Vea,Aceite Vegetal Premium PRIMOR Botella 900ml,PRIMOR,9.5,,Aceite,https://www.plazavea.com.pe/aceite-vegetal-premium-primor-botella-900ml/p,https://plazavea.vteximg.com.br/arquivos/ids/30632032-184-184/20281564.jpg?v=638811125811570000
Plaza Vea,Pack Aceite Vegetal PRIMOR Premium 900ml Botella 2un,PRIMOR,17.6,,Packs Abarrotes,https://www.plazavea.com.pe/pack-aceite-vegetal-primor-premium-900ml-botella-2un/p,https://plazavea.vteximg.com.br/arquivos/ids/20368712-184-184/K0000004961.jpg?v=638023180424230000
Plaza Vea,Aceite Vegetal BELL'S Botella 900ml,BELL'S,5.6,,Aceite,https://www.plazavea.com.pe/aceite-vegetal-bells-botella-900ml/p,https://plazavea.vteximg.com.br/arquivos/ids/5002511-184-184/959308.jpg?v=637768218568500000
Plaza Vea,Aceite de Soya SAO Botella 900ml,SAO,6.5,,Aceite,https://www.plazavea.com.pe/aceite-de-soya-sao-botella-900ml/p,https://plazavea.vteximg.com.br/arquivos/ids/31462861-184-184/20281565.jpg?v=638852260524170000
Plaza Vea,Aceite Vegetal PRIMOR Clásico Botella 900ml,PRIMOR,8.5,,Aceite,https://www.plazavea.com.pe/aceite-vegetal-primor-clasico-botella-900ml/p,https://plazavea.vteximg.com.br/arquivos/ids/30632030-184-184/20281566.jpg?v=638758944609130000
Plaza Vea,Aceite de Oliva EL CORTE INGLÉS Extra Virgen Botella 1L,EL CORTE INGLÉS,29.9,,Aceite,https://www.plazavea.com.pe/aceite-de-oliva-el-corte-ingles-extra-virgen-botella-1l/p,https://plazavea.vteximg.com.br/arquivos/ids/30368008-184-184/20110260.jpg?v=638712288399470000
Plaza Vea,Aceite Vegetal COCINERO Botella 900ml,COCINERO,7.4,,Aceite,https://www.plazavea.com.pe/aceite-vegetal-cocinero-botella-900ml/p,https://plazavea.vteximg.com.br/arquivos/ids/31274292-184-184/20281567.jpg?v=638815104681370000
Plaza Vea,Aceite Vegetal PRIMOR Clásico Botella 1.8L,PRIMOR,15.9,,Aceite,https://www.plazavea.com.pe/aceite-vegetal-primos-clasico-botella-1-8l/p,https://plazavea.vteximg.com.br/arquivos/ids/30632024-184-184/20235718.jpg?v=638758944329170000
Plaza Vea,Aceite de Soya BELL'S Botella 900ml,BELL'S,5.69,,Aceite,https://www.plazavea.com.pe/aceite-de-soya-bells-botella-900ml/p,https://plazavea.vteximg.com.br/arquivos/ids/5002512-184-184/21592.jpg?v=637768218597430000
Plaza Vea,Aceite de Girasol BELL'S SELECCIÓN Botella 900ml,BELL'S SELECCIÓN,7.5,,Aceite,https://www.plazavea.com.pe/aceite-girasol-bells-seleccion-botella-900ml/p,https://plazavea.vteximg.com.br/arquivos/ids/28217521-184-184/20326400.jpg?v=638339709772070000
Plaza Vea,Aceite de Oliva Extra Virgen BELL'S Botella 500ml,BELL'S,20.9,,Aceite,https://www.plazavea.com.pe/aceite-de-oliva-extra-virgen-bells-botella-500ml/p,https://plazavea.vteximg.com.br/arquivos/ids/11497140-184-184/20207191.jpg?v=637885708826170000
Plaza Vea,Aceite Vegetal DELEITE Premium Botella 900ml,DELEITE,7.3,,Aceite,https://www.plazavea.com.pe/aceite-vegetal-deleite-botella-900ml/p,https://plazavea.vteximg.com.br/arquivos/ids/2465695-184-184/20238463.jpg?v=637681303662930000
Plaza Vea,Aceite de Oliva EL OLIVAR Extra Virgen Botella 200ml,EL OLIVAR,16.5,,Aceite,https://www.plazavea.com.pe/aceite-de-oliva-el-olivar-extra-virgen-botella-200ml/p,https://plazavea.vteximg.com.br/arquivos/ids/550595-184-184/3147.jpg?v=637425698785330000
Plaza Vea,Aceite de Oliva EL OLIVAR Extra Virgen Botella 500ml,EL OLIVAR,37.5,,Aceite,https://www.plazavea.com.pe/aceite-de-oliva-el-olivar-extra-virgen-botella-500ml/p,https://plazavea.vteximg.com.br/arquivos/ids/550600-184-184/2204.jpg?v=637425698958330000
Plaza Vea,Aceite de Soya SOYA Botella 900ml,SOYA,6.2,,Aceite,https://www.plazavea.com.pe/aceite-de-soya-soya-botella-900ml/p,https://plazavea.vteximg.com.br/arquivos/ids/4159435-184-184/107285.jpg?v=637750921117170000
Plaza Vea,Aceite de Girasol y Oliva CARBONELL Botella 1L,CARBONELL,21.9,,Aceite,https://www.plazavea.com.pe/aceite-de-oliva-y-girasol-carbonell-botella-1l/p,https://plazavea.vteximg.com.br/arquivos/ids/30259616-184-184/20407692.jpg?v=638682679360400000
Plaza Vea,Aceite Girasol VALLENORTE Botella 900ml,VALLENORTE,9.5,,Aceite,https://www.plazavea.com.pe/aceite-girasol-vallenorte-botella-900ml/p,https://plazavea.vteximg.com.br/arquivos/ids/29206971-184-184/20425822.jpg?v=638561721122970000
Plaza Vea,Aceite de Oliva BELL'S Extra Virgen Botella 2L,BELL'S,62.9,,Aceite,https://www.plazavea.com.pe/aceite-de-oliva-bells-extra-virgen-botella-2l/p,https://plazavea.vteximg.com.br/arquivos/ids/28998988-184-184/20256358.jpg?v=638497459256700000
Plaza Vea,Aceite de Ajonjolí BELL'S Frasco 200ml,BELL'S SELECCIÓN,12.9,,Aceite,https://www.plazavea.com.pe/aceite-de-ajonjoli-bells-frasco-200ml/p,https://plazavea.vteximg.com.br/arquivos/ids/31302021-184-184/20220357.jpg?v=638820772698400000
Plaza Vea,Aceite Vegetal BELL'S Galonera 5L,BELL'S,31.9,,Aceite,https://www.plazavea.com.pe/aceite-vegetal-bells-galonera-5l/p,https://plazavea.vteximg.com.br/arquivos/ids/28358184-184-184/20193771.jpg?v=638363517375270000
Plaza Vea,Aceite de Oliva BELL'S Puro Botella 200ml,BELL'S,8.8,,Aceite,https://www.plazavea.com.pe/aceite-de-oliva-bells-puro-botella-200ml/p,https://plazavea.vteximg.com.br/arquivos/ids/31298277-184-184/20040108.jpg?v=638818077034500000
Plaza Vea,Aceite de Girasol BASSO Botella 1L,BASSO,11.5,,Aceite,https://www.plazavea.com.pe/aceite-de-girasol-basso-botella-1l/p,https://plazavea.vteximg.com.br/arquivos/ids/31513011-184-184/20088048.jpg?v=638857745644570000
Plaza Vea,Aceite de Canola en Aerosol PAM Original Frasco 170g,PAM,29.1,,Aceite,https://www.plazavea.com.pe/aceite-de-canola-en-aerosol-pam-original-frasco-170g/p,https://plazavea.vteximg.com.br/arquivos/ids/30388190-184-184/16880.jpg?v=638723866837830000
Plaza Vea,Aceite Vegetal BELTRAN Botella 900ml,BELTRAN,6.8,,Aceite,https://www.plazavea.com.pe/aceite-vegetal-beltran-botella-900ml/p,https://plazavea.vteximg.com.br/arquivos/ids/31462907-184-184/20391973.jpg?v=638852262366370000
Plaza Vea,Aceite de Coco BELL'S Frasco 200g,BELL'S,15.5,,Aceite,https://www.plazavea.com.pe/aceite-de-coco-bells-frasco-200g/p,https://plazavea.vteximg.com.br/arquivos/ids/27905570-184-184/20358162.jpg?v=638337264967900000
Plaza Vea,Aceite de Oliva BELL'S Extra Virgen Botella 1L,BELL'S,39.1,,Aceite,https://www.plazavea.com.pe/aceite-de-oliva-bells-extra-virgen-botella-1l/p,https://plazavea.vteximg.com.br/arquivos/ids/10256082-184-184/20207183.jpg?v=637862425342030000
Plaza Vea,Aceite Vegetal BELL'S Botella 3L,BELL'S,18.5,,Aceite,https://www.plazavea.com.pe/aceite-vegetal-bells-botella-3l/p,https://plazavea.vteximg.com.br/arquivos/ids/561841-184-184/20193770.jpg?v=637427445892270000
Plaza Vea,Aceite de Oliva VALDEPORRES Gran Selección Botella 2L,VALDEPORRES,79.9,,Aceite,https://www.plazavea.com.pe/aceite-de-oliva-valdeporres-gran-seleccion-botella-2l/p,https://plazavea.vteximg.com.br/arquivos/ids/560983-184-184/20120011.jpg?v=637427416253170000
Plaza Vea,Aceite de Oliva OLIVOS DEL SUR Extra Virgen Botella 500ml,OLIVOS DEL SUR,34.7,,Aceite,https://www.plazavea.com.pe/aceite-de-oliva-olivos-del-sur-extra-virgen-botella-500ml/p,https://plazavea.vteximg.com.br/arquivos/ids/32682501-184-184/20046703.jpg?v=638966668563230000
Plaza Vea,Aceite de Oliva BELL'S Puro Botella 900ml,BELL'S,31.6,,Aceite,https://www.plazavea.com.pe/aceite-de-oliva-bells-puro-botella-900ml/p,https://plazavea.vteximg.com.br/arquivos/ids/31298279-184-184/20040110.jpg?v=638818077119030000
Plaza Vea,Aceite de Oliva EL OLIVAR Extra Virgen Botella 1L,EL OLIVAR,66.8,,Aceite,https://www.plazavea.com.pe/aceite-de-oliva-el-olivar-extra-virgen-botella-1l/p,https://plazavea.vteximg.com.br/arquivos/ids/550597-184-184/16499.jpg?v=638811961276700000
Plaza Vea,Aceite de Maíz BASSO Botella 1L,BASSO,11.9,,Aceite,https://www.plazavea.com.pe/aceite-de-maiz-basso-botella-1l/p,https://plazavea.vteximg.com.br/arquivos/ids/31513012-184-184/20088050.jpg?v=638857745687730000
Plaza Vea,Aceite de Oliva VALDEPORRES Extra Virgen Botella 1L,VALDEPORRES,50.7,,Aceite,https://www.plazavea.com.pe/aceite-de-oliva-valdeporres-extra-virgen-botella-1l/p,https://plazavea.vteximg.com.br/arquivos/ids/26761465-184-184/20092828.jpg?v=638229315003400000
Plaza Vea,Aceite de Oliva CARBONELL Extra Virgen Botella 1L,CARBONELL,48.8,,Aceite,https://www.plazavea.com.pe/aceite-de-oliva-carbonell-extra-virgen-botella-1l/p,https://plazavea.vteximg.com.br/arquivos/ids/2226652-184-184/6688.jpg?v=637642243016170000
Plaza Vea,Aceite de Maíz FLORIDA Botella 900ml,FLORIDA,9.9,,Aceite,https://www.plazavea.com.pe/aceite-de-maiz-florida-botella-900ml/p,https://plazavea.vteximg.com.br/arquivos/ids/31861367-184-184/20506617.jpg?v=638905593479570000
Plaza Vea,Aceite de Canola BELL'S Spray 150ml,BELL'S,10.1,,Aceite,https://www.plazavea.com.pe/aceite-de-canola-bells-spray-150ml/p,https://plazavea.vteximg.com.br/arquivos/ids/31072596-184-184/20402931.jpg?v=638786844809430000
Plaza Vea,Aceite Vegetal WESSON Canola Botella 1.18L,WESSON,38.7,,Aceite,https://www.plazavea.com.pe/aceite-vegetal-wesson-canola-botella-1-18l/p,https://plazavea.vteximg.com.br/arquivos/ids/30249765-184-184/20465090.jpg?v=638682060216870000
Plaza Vea,Aceite Vegetal Premium DELEITE Bidón 3L,DELEITE,23.1,,Aceite,https://www.plazavea.com.pe/aceite-vegetal-premium-deleite-bidon-3l/p,https://plazavea.vteximg.com.br/arquivos/ids/30249759-184-184/20465091.jpg?v=638682059930200000
Plaza Vea,Aceite de Palta GATTI Extra Virgen Botella 250ml,GATTI,35.0,,Aceite,https://www.plazavea.com.pe/aceite-de-palta-gatti-extra-virgen-botella-250ml/p,https://plazavea.vteximg.com.br/arquivos/ids/29808785-184-184/20462934.jpg?v=638654704971100000
Plaza Vea,Aceite de Coco Virgen Orgánico PERUVIAN HEALTH Frasco 250ml,PERUVIAN,25.0,,Aceite,https://www.plazavea.com.pe/aceite-de-coco-virgen-organico-peruvian-health-frasco-250ml/p,https://plazavea.vteximg.com.br/arquivos/ids/29519302-184-184/20456329.jpg?v=638623153360800000
Plaza Vea,Aceite de Girasol Refinado EL CORTE INGLÉS Botella 1L,EL CORTE INGLÉS,8.7,,Aceite,https://www.plazavea.com.pe/aceite-de-girasol-refinado-el-corte-ingles-botella-1l/p,https://plazavea.vteximg.com.br/arquivos/ids/30365736-184-184/20356247.jpg?v=638712054500700000
Plaza Vea,Aceite Vegetal DELEITE Premium Bidón 5L,DELEITE,39.1,,Aceite,https://www.plazavea.com.pe/aceite-vegetal-deleite-premium-bidon-5l/p,https://plazavea.vteximg.com.br/arquivos/ids/26057064-184-184/20352677.jpg?v=638169475045600000
Plaza Vea,Aceite de Ajonjolí y Soya BARCIDDA Botella 270ml,BARCIDDA,13.9,,Aceite,https://www.plazavea.com.pe/aceite-de-ajonjoli-y-soya-barcidda-botella-270ml/p,https://plazavea.vteximg.com.br/arquivos/ids/18082686-184-184/20283883.jpg?v=637992351135900000
Plaza Vea,Aceite de Oliva CARBONELL Extra Virgen Spray 200ml,CARBONELL,18.1,,Aceite,https://www.plazavea.com.pe/aceite-de-oliva-carbonell-extra-virgen-spray-200ml/p,https://plazavea.vteximg.com.br/arquivos/ids/2226658-184-184/20099173.jpg?v=637642243302900000
Plaza Vea,Aceite de Oliva VALDEPORRES Virgen Botella 1L,VALDEPORRES,41.9,,Aceite,https://www.plazavea.com.pe/aceite-de-oliva-valdeporres-virgen-botella-1l/p,https://plazavea.vteximg.com.br/arquivos/ids/560978-184-184/20105464.jpg?v=637427416078570000
Plaza Vea,Aceite Vegetal PRIMOR Galón 5L,PRIMOR,46.5,,Aceite,https://www.plazavea.com.pe/aceite-vegetal-primor-galon-5l/p,https://plazavea.vteximg.com.br/arquivos/ids/1242175-184-184/127240.jpg?v=638811958680300000
Plaza Vea,Aceite de Oliva VALDEPORRES Extra Virgen Botella 500ml,VALDEPORRES,26.5,,Aceite,https://www.plazavea.com.pe/aceite-de-oliva-valdeporres-extra-virgen-botella-500ml/p,https://plazavea.vteximg.com.br/arquivos/ids/553602-184-184/20083515.jpg?v=637426557432930000
Plaza Vea,Aceite de Oliva ACAVILLE Extra Virgen Botella 200ml,ACAVILLE,14.9,,Aceite,https://www.plazavea.com.pe/aceite-de-oliva-acaville-extra-virgen-botella-200ml/p,https://plazavea.vteximg.com.br/arquivos/ids/553613-184-184/963160.jpg?v=637426557791070000
Plaza Vea,Aceite de Coco Virgen ACAVILLE Frasco 222ml,ACAVILLE,16.9,,Aceite,https://www.plazavea.com.pe/aceite-de-coco-virgen-acaville-frasco-222ml/p,https://plazavea.vteximg.com.br/arquivos/ids/31949896-184-184/20518068.jpg?v=638917710442200000
Plaza Vea,Aceite de Oliva Extra Virgen OLIVOS DEL SUR Botella 1L,OLIVOS DEL SUR,69.9,,Aceite,https://www.plazavea.com.pe/aceite-de-oliva-extra-virgen-olivos-del-sur-botella-1l/p,https://plazavea.vteximg.com.br/arquivos/ids/32682513-184-184/20505773.jpg?v=638966668731100000
Plaza Vea,Aceite de Cártamo OLEICO Botella 710ml,OLEICO,32.9,,Aceite,https://www.plazavea.com.pe/aceite-de-cartamo-oleico-botella-710ml/p,https://plazavea.vteximg.com.br/arquivos/ids/2259415-184-184/20237263.jpg?v=637647648902700000
Plaza Vea,Aceite de Cártamo OLEICO Botella 946ml,OLEICO,39.9,,Aceite,https://www.plazavea.com.pe/aceite-de-cartamo-oleico-botella-946ml/p,https://plazavea.vteximg.com.br/arquivos/ids/2259413-184-184/20237262.jpg?v=637647648263470000
Plaza Vea,Aceite de Coco BELL'S Frasco 350ml,BELL'S SELECCIÓN,26.8,,Aceite,https://www.plazavea.com.pe/aceite-de-coco-bells-frasco-350ml/p,https://plazavea.vteximg.com.br/arquivos/ids/31176594-184-184/20220363.jpg?v=638798145431970000
Plaza Vea,Aceite de Oliva EL OLIVAR Extra Virgen Botella 250ml,EL OLIVAR,22.9,,Aceite,https://www.plazavea.com.pe/aceite-de-oliva-el-olivar-extra-virgen-botella-250ml/p,https://plazavea.vteximg.com.br/arquivos/ids/554308-184-184/20023472.jpg?v=637426582305000000
Plaza Vea,Aceite de Oliva EL OLIVAR Puro Botella 1L,EL OLIVAR,62.9,,Aceite,https://www.plazavea.com.pe/aceite-de-oliva-el-olivar-puro-botella-1l/p,https://plazavea.vteximg.com.br/arquivos/ids/29151977-184-184/26831.jpg?v=638536904795570000
Plaza Vea,Aceite de Coco Virgen MI TIERRA Frasco 350g,MI TIERRA,34.5,,Aceite,https://www.plazavea.com.pe/aceite-de-coco-virgen-mi-tierra-frasco-350g/p,https://plazavea.vteximg.com.br/arquivos/ids/331812-184-184/20151183.jpg?v=637267303126930000
Plaza Vea,Aceite de Ajonjolí OLIVOS DEL SUR Botella 500ml,OLIVOS DEL SUR,31.9,,Aceite,https://www.plazavea.com.pe/aceite-de-ajonjoli-olivos-del-sur-botella-500ml/p,https://plazavea.vteximg.com.br/arquivos/ids/561199-184-184/20139872.jpg?v=637427423376070000
Plaza Vea,Aceite de Oliva CARBONELL Puro Frasco 200ml,CARBONELL,18.1,,Aceite,https://www.plazavea.com.pe/aceite-de-oliva-carbonell-puro-frasco-200ml/p,https://plazavea.vteximg.com.br/arquivos/ids/2226664-184-184/20099174.jpg?v=637642243331100000
Plaza Vea,Aceite de Oliva VALDEPORRES Suave Botella 1L,VALDEPORRES,41.9,,Aceite,https://www.plazavea.com.pe/aceite-de-oliva-valdeporres-suave-botella-1l/p,https://plazavea.vteximg.com.br/arquivos/ids/30383916-184-184/20105465.jpg?v=638721792766670000
Plaza Vea,Aceite de Oliva CARBONELL Sabor Afrutado Intenso Botella 250ml,CARBONELL,17.4,,Aceite,https://www.plazavea.com.pe/aceite-de-oliva-carbonell-sabor-frutado-intenso-botella-250ml/p,https://plazavea.vteximg.com.br/arquivos/ids/2226654-184-184/644983.jpg?v=637642243270830000
Plaza Vea,Aceite de Sacha Inchi NUTRIOMEGA Extra Virgen Botella 250ml,NUTRIOMEGA,25.8,,Aceite,https://www.plazavea.com.pe/aceite-de-sacha-inchi-nutriomega-extra-virgen-botella-250ml/p,https://plazavea.vteximg.com.br/arquivos/ids/190494-184-184/917928.jpg?v=636355447531270000
Plaza Vea,Aceite de Oliva ACAVILLE Extra Virgen Gourmet Botella 250ml,ACAVILLE,21.9,,Aceite,https://www.plazavea.com.pe/aceite-de-oliva-acaville-extra-virgen-gourmet-botella-250ml/p,https://plazavea.vteximg.com.br/arquivos/ids/553615-184-184/978077.jpg?v=637426557862330000
Plaza Vea,Aceite de Oliva BELL'S Virgen Botella 500ml,BELL'S,20.9,,Aceite,https://www.plazavea.com.pe/aceite-de-oliva-bells-virgen-botella-500ml/p,https://plazavea.vteximg.com.br/arquivos/ids/31298275-184-184/20023165.jpg?v=638818076936200000
Plaza Vea,Aceite de Oliva CARBONELL Sabor Afrutado Intenso Botella 500ml,CARBONELL,31.4,,Aceite,https://www.plazavea.com.pe/aceite-de-oliva-carbonell-sabor-afrutado-intenso-botella-500ml/p,https://plazavea.vteximg.com.br/arquivos/ids/2226653-184-184/155168.jpg?v=637642243102630000
Plaza Vea,Aceite de Oliva ACAVILLE Extra Virgen Gourmet Botella 500ml,ACAVILLE,35.5,,Aceite,https://www.plazavea.com.pe/aceite-de-oliva-acaville-extra-virgen-gourmet-botella-500ml/p,https://plazavea.vteximg.com.br/arquivos/ids/553616-184-184/978080.jpg?v=637426557894530000
Plaza Vea,Aceite de Oliva ACAVILLE Extra Virgen Botella 1L,ACAVILLE,56.9,,Aceite,https://www.plazavea.com.pe/aceite-de-oliva-acaville-extra-virgen-botella-1l/p,https://plazavea.vteximg.com.br/arquivos/ids/553614-184-184/978076.jpg?v=637426557826400000
Plaza Vea,Aceite de Oliva VALDEPORRES Extra Virgen Botella 250ml,VALDEPORRES,16.0,,Aceite,https://www.plazavea.com.pe/aceite-de-oliva-valdeporres-extra-virgen-botella-250ml/p,https://plazavea.vteximg.com.br/arquivos/ids/553601-184-184/20083514.jpg?v=637426557402470000
Plaza Vea,Aceite de Oliva BELL'S Virgen Botella 900ml,BELL'S,34.5,,Aceite,https://www.plazavea.com.pe/aceite-de-oliva-bells-virgen-botella-900ml/p,https://plazavea.vteximg.com.br/arquivos/ids/31298276-184-184/20023161.jpg?v=638818076984870000
Plaza Vea,Aceite de Ajonjolí GATTI Extra Virgen Botella 250ml,GATTI,28.7,,Aceite,https://www.plazavea.com.pe/aceite-de-ajonjoli-gatti-extra-virgen-botella-250ml/p,https://plazavea.vteximg.com.br/arquivos/ids/553596-184-184/20010808.jpg?v=637426557243530000
Plaza Vea,Aceite de Oliva Extra Virgen OLIVO DEL SUR Premium Botella 750ml,OLIVOS DEL SUR,51.9,,Aceite,https://www.plazavea.com.pe/aceite-de-oliva-extra-virgen-olivo-del-sur-premium-botella-750ml/p,https://plazavea.vteximg.com.br/arquivos/ids/28851512-184-184/20408038.jpg?v=638458915038970000
Plaza Vea,Aceite Vegetal Olivado HUERTO ALAMEIN Botella 900ml,HUERTO ALAMEIN,11.4,,Aceite,https://www.plazavea.com.pe/aceite-vegetal-olivado-huerto-alamein-botella-900ml/p,https://plazavea.vteximg.com.br/arquivos/ids/28851511-184-184/20408014.jpg?v=638458914633970000
Plaza Vea,Aceite de Soya COSTEÑO Botella 900ml,COSTEÑO,8.5,,Aceite,https://www.plazavea.com.pe/aceite-de-soya-costeno-botella-900ml/p,https://plazavea.vteximg.com.br/arquivos/ids/27393614-184-184/20358174.jpg?v=638279194840630000
Plaza Vea,Aceite de Palta Virgen OLIVOS DEL SUR Botella 250ml,OLIVOS DEL SUR,37.9,,Aceite,https://www.plazavea.com.pe/aceite-de-palta-virgen-olivos-del-sur-botella-250ml/p,https://plazavea.vteximg.com.br/arquivos/ids/27188383-184-184/20357689.jpg?v=638266296206730000
Plaza Vea,Aceite en Aerosol OLEICO Jumbo Frasco 380g,OLEICO,38.0,,Aceite,https://www.plazavea.com.pe/aceite-en-aerosol-oleico-jumbo-frasco-380g/p,https://plazavea.vteximg.com.br/arquivos/ids/2259414-184-184/20237260.jpg?v=637647648616700000
Plaza Vea,Aceite en Aerosol OLEICO Frasco 170g,OLEICO,22.0,,Aceite,https://www.plazavea.com.pe/aceite-en-aerosol-oleico-frasco-170g/p,https://plazavea.vteximg.com.br/arquivos/ids/2259410-184-184/20237258.jpg?v=637647647706970000
Plaza Vea,Aceite de Oliva HUERTO ALAMEIN Extra Virgen Botella 2L,HUERTO ALAMEIN,107.1,,Aceite,https://www.plazavea.com.pe/aceite-de-oliva-huerto-alamein-extra-virgen-botella-2l/p,https://plazavea.vteximg.com.br/arquivos/ids/29075031-184-184/20178701.jpg?v=638518752743900000
Plaza Vea,Aceite en Spray PAM Sabor a Mantequilla Frasco 141ml,PAM,29.1,,Aceite,https://www.plazavea.com.pe/aceite-en-spray-pam-sabor-a-mantequilla-frasco-141ml/p,https://plazavea.vteximg.com.br/arquivos/ids/30388191-184-184/1016878001.jpg?v=638723866883730000
Plaza Vea,Aceite de Ajonjolí OLIVOS DEL SUR Tostado 100% Puro Botella 200ml,OLIVOS DEL SUR,20.5,,Aceite,https://www.plazavea.com.pe/aceite-de-ajonjoli-olivos-del-sur-tostado-100-puro-botella-200ml/p,https://plazavea.vteximg.com.br/arquivos/ids/1233703-184-184/140155.jpg?v=637515096175630000
Plaza Vea,Aceite de Oliva HUERTO ALAMEIN Extra Virgen Botella 500ml,HUERTO ALAMEIN,32.7,,Aceite,https://www.plazavea.com.pe/aceite-de-oliva-huerto-alamein-extra-virgen-botella-500ml/p,https://plazavea.vteximg.com.br/arquivos/ids/29075021-184-184/214506.jpg?v=638518752262630000
Plaza Vea,Aceite de Oliva EL OLIVAR Puro Botella 500ml,EL OLIVAR,35.0,,Aceite,https://www.plazavea.com.pe/aceite-de-oliva-el-olivar-puro-botella-500ml/p,https://plazavea.vteximg.com.br/arquivos/ids/550599-184-184/26830.jpg?v=637425698925500000
Plaza Vea,Aceite de Oliva HUERTO ALAMEIN Extra Virgen Spray 275ml,HUERTO ALAMEIN,24.9,,Aceite,https://www.plazavea.com.pe/aceite-de-oliva-huerto-alamein-extra-virgen-spray-275ml/p,https://plazavea.vteximg.com.br/arquivos/ids/29075025-184-184/20068530.jpg?v=638518752469830000
Plaza Vea,Aceite de Oliva OLIVOS DEL SUR Extra Virgen Botella 200ml,OLIVOS DEL SUR,19.9,,Aceite,https://www.plazavea.com.pe/aceite-de-oliva-olivos-del-sur-extra-virgen-botella-200ml/p,https://plazavea.vteximg.com.br/arquivos/ids/32682502-184-184/20046702.jpg?v=638966668578630000
Plaza Vea,Aceite de Oliva BELL'S Puro Botella 500ml,BELL'S,20.9,,Aceite,https://www.plazavea.com.pe/aceite-de-oliva-bells-puro-botella-500ml/p,https://plazavea.vteximg.com.br/arquivos/ids/31298278-184-184/20040109.jpg?v=638818077078570000
Plaza Vea,Aceite de Oliva Extra Virgen OLI21 Botella 1L,SANTOLIVO,66.5,,Aceite,https://www.plazavea.com.pe/aceite-de-oliva-extra-virgen-oli21-botella-1l/p,https://plazavea.vteximg.com.br/arquivos/ids/32481779-184-184/20564271.jpg?v=638954682561900000
Plaza Vea,Aceite de Oliva GATTI Extra Virgen Botella 500ml,GATTI,43.0,,Aceite,https://www.plazavea.com.pe/aceite-de-oliva-gatti-extra-virgen-botella-500ml/p,https://plazavea.vteximg.com.br/arquivos/ids/31147765-184-184/20462936.jpg?v=638793749918800000
Plaza Vea,Aceite de Sacha Inchi GATTI Extra Virgen Botella 250ml,GATTI,35.0,,Aceite,https://www.plazavea.com.pe/aceite-de-sacha-inchi-gatti-extra-virgen-botella-250ml/p,https://plazavea.vteximg.com.br/arquivos/ids/29808787-184-184/20462996.jpg?v=638654705051470000
Plaza Vea,Aceite de Oliva EL OLIVAR Sabor Intenso Botella 500ml,EL OLIVAR,41.9,,Aceite,https://www.plazavea.com.pe/aceite-de-oliva-el-olivar-sabor-intenso-botella-500ml/p,https://plazavea.vteximg.com.br/arquivos/ids/29042612-184-184/20329081.jpg?v=638508835768870000
Plaza Vea,Aceite de Coco Virgen ACAVILLE Frasco 650ml,ACAVILLE,48.9,,Aceite,https://www.plazavea.com.pe/aceite-de-coco-virgen-acaville-frasco-650ml/p,https://plazavea.vteximg.com.br/arquivos/ids/32989673-184-184/20425493.jpg?v=638987292147370000
Plaza Vea,Aceite de Oliva Extra Virgen OLI21 Botella 500ml,SANTOLIVO,37.9,,Aceite,https://www.plazavea.com.pe/aceite-de-oliva-extra-virgen-oli21-botella-500ml/p,https://plazavea.vteximg.com.br/arquivos/ids/32481780-184-184/20564268.jpg?v=638954682581230000
Plaza Vea,Aceite de Oliva Extra Virgen BASCONTTI Botella 1L,BASCONTTI,63.0,,Aceite,https://www.plazavea.com.pe/aceite-de-oliva-extra-virgen-bascontti-botella-1l/p,https://plazavea.vteximg.com.br/arquivos/ids/32426888-184-184/20540137.jpg?v=638951419927470000
Plaza Vea,Aceite de Oliva Extra Virgen BASCONTTI Botella 500ml,BASCONTTI,36.9,,Aceite,https://www.plazavea.com.pe/aceite-de-oliva-extra-virgen-bascontti-botella-500ml/p,https://plazavea.vteximg.com.br/arquivos/ids/32426883-184-184/20540142.jpg?v=638951419553670000
Plaza Vea,Aceite Puro de Palta OLEICO Frasco 473ml,OLEICO,64.0,,Aceite,https://www.plazavea.com.pe/aceite-puro-de-palta-oleico-frasco-473ml/p,https://plazavea.vteximg.com.br/arquivos/ids/31708572-184-184/20505772.jpg?v=638876245043430000
Plaza Vea,Aceite de Oliva OLIVOS DEL SUR Extra Virgen Kids Botella 250ml,OLIVOS DEL SUR,42.0,,Aceite,https://www.plazavea.com.pe/aceite-de-oliva-olivos-del-sur-extra-virgen-kids-botella-250ml/p,https://plazavea.vteximg.com.br/arquivos/ids/31348128-184-184/20502677.jpg?v=638833935837130000
Plaza Vea,Aceite Gourmet Criollo OLEICO Botella 355ml,OLEICO,24.9,,Aceite,https://www.plazavea.com.pe/aceite-gourmet-criollo-oleico-botella-355ml/p,https://plazavea.vteximg.com.br/arquivos/ids/31347916-184-184/20501937.jpg?v=638833917151900000
Plaza Vea,Aceite Gourmet Campirana OLEICO Botella 355ml,OLEICO,24.9,,Aceite,https://www.plazavea.com.pe/aceite-gourmet-campirana-oleico-botella-355ml/p,https://plazavea.vteximg.com.br/arquivos/ids/31347915-184-184/20501950.jpg?v=638833916731700000
Plaza Vea,Aceite Gourmet Provenzal OLEICO Botella 355ml,OLEICO,24.9,,Aceite,https://www.plazavea.com.pe/aceite-gourmet-provenzal-oleico-botella-355ml/p,https://plazavea.vteximg.com.br/arquivos/ids/31347914-184-184/20501949.jpg?v=638833916311570000
Plaza Vea,Aceite de Oliva GATTI Extra Virgen Botella 250ml,GATTI,26.0,,Aceite,https://www.plazavea.com.pe/aceite-de-oliva-gatti-extra-virgen-botella-250ml/p,https://plazavea.vteximg.com.br/arquivos/ids/31147768-184-184/20462937.jpg?v=638793753361270000
Plaza Vea,Aceite de Linaza GATTI Extra Virgen Botella 250ml,GATTI,25.0,,Aceite,https://www.plazavea.com.pe/aceite-de-linaza-gatti-extra-virgen-botella-250ml/p,https://plazavea.vteximg.com.br/arquivos/ids/29808786-184-184/20462935.jpg?v=638654705010070000
Plaza Vea,Aceite de Ajonjolí Puro LKK Botella 207g,LKK,41.2,,Aceite,https://www.plazavea.com.pe/aceite-de-ajonjoli-puro-lkk-botella-207g/p,https://plazavea.vteximg.com.br/arquivos/ids/29454378-184-184/20427285.jpg?v=638617253784100000
Plaza Vea,Aceite de Ajonjolí LKK Botella 207g,LKK,32.6,,Aceite,https://www.plazavea.com.pe/aceite-de-ajonjoli-lkk-botella-207g/p,https://plazavea.vteximg.com.br/arquivos/ids/29454377-184-184/20427284.jpg?v=638617253693800000
Plaza Vea,Aceite de Palta Sabor a Albahaca OLIVOS DEL SUR Botella 250ml,OLIVOS DEL SUR,37.9,,Aceite,https://www.plazavea.com.pe/aceite-de-palta-sabor-a-albahaca-olivos-del-sur-botella-250ml/p,https://plazavea.vteximg.com.br/arquivos/ids/27190296-184-184/20357692.jpg?v=638267335392230000
Plaza Vea,Aceite de Palta Sabor a Ajo OLIVOS DEL SUR Botella 250ml,OLIVOS DEL SUR,37.9,,Aceite,https://www.plazavea.com.pe/aceite-de-palta-sabor-a-ajo-olivos-del-sur-botella-250ml/p,https://plazavea.vteximg.com.br/arquivos/ids/27188380-184-184/20357696.jpg?v=638266290374970000
Plaza Vea,Aceite de Oliva CREMONINI Extra Virgen Botella 1L,CREMONINI,87.5,,Aceite,https://www.plazavea.com.pe/aceite-de-oliva-cremonini-extra-virgen-botella-1l/p,https://plazavea.vteximg.com.br/arquivos/ids/1573176-184-184/20197982.jpg?v=637559946349000000
Plaza Vea,Aceite de Oliva CREMONINI Extra Virgen Botella 250ml,CREMONINI,28.9,,Aceite,https://www.plazavea.com.pe/aceite-de-oliva-cremonini-extra-virgen-botella-250ml/p,https://plazavea.vteximg.com.br/arquivos/ids/11166061-184-184/20197984.jpg?v=637879162704370000
Plaza Vea,Aceite de Oliva CREMONINI Extra Virgen Botella 500ml,CREMONINI,49.9,,Aceite,https://www.plazavea.com.pe/aceite-de-oliva-cremonini-extra-virgen-botella-500ml/p,https://plazavea.vteximg.com.br/arquivos/ids/1573174-184-184/20197983.jpg?v=637559946284000000
Plaza Vea,Aceite de Oliva OLIVOS DEL SUR Extra Virgen Frasco 250ml,OLIVOS DEL SUR,24.9,,Aceite,https://www.plazavea.com.pe/aceite-de-oliva-olivos-del-sur-extra-virgen-frasco-250ml/p,https://plazavea.vteximg.com.br/arquivos/ids/554291-184-184/914569.jpg?v=637426581742100000
Plaza Vea,Aceite de Oliva VALDEPORRES Intenso Botella 1L,VALDEPORRES,41.9,,Aceite,https://www.plazavea.com.pe/aceite-de-oliva-valdeporres-intenso-botella-1l/p,https://plazavea.vteximg.com.br/arquivos/ids/30383917-184-184/20105466.jpg?v=638721792824030000
Plaza Vea,Aceite de Oliva HUERTO ALAMEIN Puro Botella 1L,HUERTO ALAMEIN,58.5,,Aceite,https://www.plazavea.com.pe/aceite-de-oliva-huerto-alamein-puro-botella-1l/p,https://plazavea.vteximg.com.br/arquivos/ids/29075023-184-184/15952.jpg?v=638518752363930000
Plaza Vea,Aceite de Oliva ACAVILLE Extra Virgen Botella 500ml,ACAVILLE,32.9,,Aceite,https://www.plazavea.com.pe/aceite-de-oliva-acaville-extra-virgen-botella-500ml/p,https://plazavea.vteximg.com.br/arquivos/ids/553599-184-184/978075.jpg?v=637426557339670000
Plaza Vea,Aceite de Oliva HUERTO ALAMEIN Extra Virgen Botella 200ml,HUERTO ALAMEIN,16.0,,Aceite,https://www.plazavea.com.pe/aceite-de-oliva-huerto-alamein-extra-virgen-botella-200ml/p,https://plazavea.vteximg.com.br/arquivos/ids/29075024-184-184/86771.jpg?v=638518752415900000
Plaza Vea,Aceite de Oliva HUERTO ALAMEIN Puro Botella 500ml,HUERTO ALAMEIN,33.5,,Aceite,https://www.plazavea.com.pe/aceite-de-oliva-huerto-alamein-puro-botella-500ml/p,https://plazavea.vteximg.com.br/arquivos/ids/29075020-184-184/16057.jpg?v=638518752214230000
Plaza Vea,"Aceite de oliva extra virgen ""D"" 5 litros",OLI21,257.0,,Aceite,https://www.plazavea.com.pe/aceite-de-oliva-extra-virgen-d-5-litros-99945796/p,https://plazavea.vteximg.com.br/arquivos/ids/428075-184-184/image-f144974025c045d380b480dbefbf3538.jpg?v=637381306595500000
Plaza Vea,Aceite De Coco 5Lts Sachet Alkaline Care,ALKALINE CARE,285.0,,Aceite,https://www.plazavea.com.pe/aceite-de-coco-5lts-sachet-alkaline-care-101647185/p,https://plazavea.vteximg.com.br/arquivos/ids/32239651-184-184/imageUrl_1.jpg?v=638938608541170000
Plaza Vea,Aceite De Coco frasco 500ml x 2 (Primer Prensado en Frío),ALKALINE CARE,79.0,,Aceite,https://www.plazavea.com.pe/aceite-de-coco-frasco-500ml-x-2--primer-prensado-en-frio--101647155/p,https://plazavea.vteximg.com.br/arquivos/ids/32239525-184-184/imageUrl_1.jpg?v=638938608517530000
Plaza Vea,Aceite De Coco 4Lts Sachet Alkaline Care,ALKALINE CARE,259.0,,Aceite,https://www.plazavea.com.pe/aceite-de-coco-4lts-sachet-alkaline-care-101647152/p,https://plazavea.vteximg.com.br/arquivos/ids/32239520-184-184/imageUrl_1.jpg?v=638938608513430000
Plaza Vea,Aceite De Coco 1Lt Sachet Alkaline Care,ALKALINE CARE,70.0,,Aceite,https://www.plazavea.com.pe/aceite-de-coco-1lt-sachet-alkaline-care-101647148/p,https://plazavea.vteximg.com.br/arquivos/ids/32239500-184-184/imageUrl_1.jpg?v=638938608511570000
Plaza Vea,Aceite De Coco 2Lts  (1L Sachet  + 1L Frasco),ALKALINE CARE,140.0,,Aceite,https://www.plazavea.com.pe/aceite-de-coco-2lts---1l-sachet----1l-frasco--101647143/p,https://plazavea.vteximg.com.br/arquivos/ids/32239471-184-184/imageUrl_1.jpg?v=638938608508300000
Plaza Vea,Aceite De Coco 2Lts Sachet Alkaline Care,ALKALINE CARE,125.0,,Aceite,https://www.plazavea.com.pe/aceite-de-coco-2lts-sachet-alkaline-care-101647135/p,https://plazavea.vteximg.com.br/arquivos/ids/32239450-184-184/imageUrl_1.jpg?v=638938608502200000
Plaza Vea,Aceite de Oliva Extra Virgen 500ml  Alkaline Care,ALKALINE CARE,39.0,,Aceite,https://www.plazavea.com.pe/aceite-de-oliva-extra-virgen-500ml--alkaline-care-101617117/p,https://plazavea.vteximg.com.br/arquivos/ids/32083986-184-184/imageUrl_1.jpg?v=638929964968670000
Plaza Vea,Aceite de Oliva Extra Virgen pack 500ml x 3 Alkaline Care,ALKALINE CARE,95.0,,Aceite,https://www.plazavea.com.pe/aceite-de-oliva-extra-virgen-pack-500ml-x-3-alkaline-care-101617067/p,https://plazavea.vteximg.com.br/arquivos/ids/32083876-184-184/imageUrl_1.jpg?v=638929964936770000
Plaza Vea,Aceite de Oliva Extra Virgen pack 500ml x 2  Alkaline Care,ALKALINE CARE,77.0,,Aceite,https://www.plazavea.com.pe/aceite-de-oliva-extra-virgen-pack-500ml-x-2--alkaline-care-101617062/p,https://plazavea.vteximg.com.br/arquivos/ids/32083870-184-184/imageUrl_1.jpg?v=638929964932470000
Plaza Vea,Aceite de Coco Perurganic Extra Virgen 120ml,GENÉRICO,22.0,,Aceite,https://www.plazavea.com.pe/aceite-de-coco-perurganic-extra-virgen-120ml-101505055/p,https://plazavea.vteximg.com.br/arquivos/ids/31594992-184-184/imageUrl_1.jpg?v=638866900911600000
Plaza Vea,Aceite de Coco Perurganic Extra Virgen 458ml,GENÉRICO,50.0,,Aceite,https://www.plazavea.com.pe/aceite-de-coco-perurganic-extra-virgen-458ml-101503734/p,https://plazavea.vteximg.com.br/arquivos/ids/31593039-184-184/imageUrl_1.jpg?v=638866895438630000
Plaza Vea,Aceite de Coco Perurganic Extra Virgen 720ml,GENÉRICO,68.0,,Aceite,https://www.plazavea.com.pe/aceite-de-coco-perurganic-extra-virgen-720ml-101503255/p,https://plazavea.vteximg.com.br/arquivos/ids/31591928-184-184/imageUrl_1.jpg?v=638866894665700000
Plaza Vea,Aceite de Coco Perurganic Extra Virgen 250ml,GENÉRICO,40.0,,Aceite,https://www.plazavea.com.pe/aceite-de-coco-perurganic-extra-virgen-250ml-101503254/p,https://plazavea.vteximg.com.br/arquivos/ids/31591918-184-184/imageUrl_1.jpg?v=638866894663830000
Plaza Vea,Aceite de Coco Alkaline Care 500ml + 200ml Aceite De Oliva,ALKALINE CARE SHOP,125.0,,Aceite,https://www.plazavea.com.pe/aceite-de-coco-alkaline-care-500ml-200ml-aceite-de-oliva-101431790/p,https://plazavea.vteximg.com.br/arquivos/ids/31296089-184-184/image-3c66af736f7343aea68d2189cb5f083a.jpg?v=638817977259570000
Plaza Vea,Aceite de Coco Alkaline Care Sachet 1Lt,ALKALINE CARE SHOP,70.0,,Aceite,https://www.plazavea.com.pe/aceite-de-coco-alkaline-care-sachet-1lt-101431780/p,https://plazavea.vteximg.com.br/arquivos/ids/31296079-184-184/image-7597aaa0018b438789ac31dd9c8da8d3.jpg?v=638817977239130000
Plaza Vea,Aceite de Coco Alkaline Care Frasco 500ml x 2,ALKALINE CARE SHOP,79.0,,Aceite,https://www.plazavea.com.pe/aceite-de-coco-alkaline-care-frasco-500ml-x-2-101431778/p,https://plazavea.vteximg.com.br/arquivos/ids/31296077-184-184/image-3e20c3bccd9e4e289eec4b1a52e9e3e7.jpg?v=638817977233500000
Plaza Vea,Aceite de Coco Alkaline Care Frasco 2Lts,ALKALINE CARE SHOP,140.0,,Aceite,https://www.plazavea.com.pe/aceite-decoco-alkaline-care-frasco-2lts-101431775/p,https://plazavea.vteximg.com.br/arquivos/ids/32597019-184-184/Image-1.jpg?v=638961306376630000
Plaza Vea,Aceite Esencial de Romero BRANA (15ml),BRANA,59.9,,Aceite,https://www.plazavea.com.pe/aceite-esencial-de-romero-brana-15ml-101143881/p,https://plazavea.vteximg.com.br/arquivos/ids/29685278-184-184/image-a40b308c5fc24eea9c2dd526d87d97aa.jpg?v=638646919399670000
Plaza Vea,Aceite de Coco Extra Virgen Doypack BIOSELVA (250ml),GENÉRICO,34.4,,Aceite,https://www.plazavea.com.pe/aceite-de-coco-extra-virgen-doypack-bioselva-250ml-101143879/p,https://plazavea.vteximg.com.br/arquivos/ids/29685276-184-184/image-95e94d06ae5d408ebdac666816d5b86d.jpg?v=638646918270270000
Plaza Vea,Aceite de Coco La arequipeñita 1L,GENÉRICO,50.0,,Aceite,https://www.plazavea.com.pe/aceite-de-coco-la-arequipenita-1l-100900579/p,https://plazavea.vteximg.com.br/arquivos/ids/30461562-184-184/ACEITE-DE-COCO-1L.png?v=638738689591530000
Plaza Vea,Aceite de Coco Virgen Naturally Divine 450ml,NATURALLY DIVINE,44.0,,Aceite,https://www.plazavea.com.pe/aceite-de-coco-virgen-naturally-divine-450ml-99962080/p,https://plazavea.vteximg.com.br/arquivos/ids/28887956-184-184/Aceite-de-Coco-Naturally-Divine-350-gr-Extra-Virgen.png?v=638472389027900000
Plaza Vea,Aceite Esencial de Mejorana Naturally Divine 10 ml,NATURALLY DIVINE,60.0,,Aceite,https://www.plazavea.com.pe/aceite-esencial-de-mejorana-naturally-divine-10-ml-99962074/p,https://plazavea.vteximg.com.br/arquivos/ids/28887947-184-184/Aceite-Esencial-de-Mejorana-Naturally-Divine-10-ml.png?v=638472380084900000
Plaza Vea,Aceite de Coco Virgen Naturally Divine 680ml,NATURALLY DIVINE,64.0,,Aceite,https://www.plazavea.com.pe/aceite-de-coco-virgen-naturally-divine-680ml-99962058/p,https://plazavea.vteximg.com.br/arquivos/ids/28887954-184-184/Aceite-de-Coco-Naturally-Divine-600-gr-Extra-Virgen.png?v=638472387699600000
Plaza Vea,Aceite de Coco Virgen Naturally Divine 1Lt,NATURALLY DIVINE,85.0,,Aceite,https://www.plazavea.com.pe/aceite-de-coco-virgen-naturally-divine-1000ml-99962036/p,https://plazavea.vteximg.com.br/arquivos/ids/28887959-184-184/Aceite-de-Coco-Naturally-Divine-800-gr-Extra-Virgen.png?v=638472389922600000
